学号,姓名,专业
TEST20260001,虚构学生001,建筑学
TEST20260002,虚构学生002,建筑学
TEST20260003,虚构学生003,建筑学
TEST20260004,虚构学生004,建筑学
TEST20260005,虚构学生005,建筑学
TEST20260006,虚构学生006,建筑学
TEST20260007,虚构学生007,建筑学
TEST20260008,虚构学生008,建筑学
TEST20260009,虚构学生009,建筑学
TEST20260010,虚构学生010,建筑学
TEST20260011,虚构学生011,建筑学
TEST20260012,虚构学生012,建筑学
TEST20260013,虚构学生013,建筑学
TEST20260014,虚构学生014,建筑学
TEST20260015,虚构学生015,建筑学
TEST20260016,虚构学生016,建筑学
TEST20260017,虚构学生017,建筑学
TEST20260018,虚构学生018,建筑学
TEST20260019,虚构学生019,建筑学
TEST20260020,虚构学生020,建筑学
TEST20260021,虚构学生021,建筑学
TEST20260022,虚构学生022,建筑学
TEST20260023,虚构学生023,建筑学
TEST20260024,虚构学生024,建筑学
TEST20260025,虚构学生025,建筑学
TEST20260026,虚构学生026,建筑学
TEST20260027,虚构学生027,建筑学
TEST20260028,虚构学生028,建筑学
TEST20260029,虚构学生029,建筑学
TEST20260030,虚构学生030,建筑学
TEST20260031,虚构学生031,建筑学
TEST20260032,虚构学生032,建筑学
TEST20260033,虚构学生033,建筑学
TEST20260034,虚构学生034,建筑学
TEST20260035,虚构学生035,建筑学
TEST20260036,虚构学生036,建筑学
TEST20260037,虚构学生037,建筑学
TEST20260038,虚构学生038,建筑学
TEST20260039,虚构学生039,建筑学
TEST20260040,虚构学生040,建筑学
TEST20260041,虚构学生041,建筑学
TEST20260042,虚构学生042,建筑学
TEST20260043,虚构学生043,建筑学
TEST20260044,虚构学生044,建筑学
TEST20260045,虚构学生045,建筑学
TEST20260046,虚构学生046,建筑学
TEST20260047,虚构学生047,建筑学
TEST20260048,虚构学生048,建筑学
TEST20260049,虚构学生049,建筑学
TEST20260050,虚构学生050,建筑学
TEST20260051,虚构学生051,建筑学
TEST20260052,虚构学生052,建筑学
TEST20260053,虚构学生053,建筑学
TEST20260054,虚构学生054,建筑学
TEST20260055,虚构学生055,建筑学
TEST20260056,虚构学生056,建筑学
TEST20260057,虚构学生057,建筑学
TEST20260058,虚构学生058,建筑学
TEST20260059,虚构学生059,建筑学
TEST20260060,虚构学生060,建筑学
TEST20260061,虚构学生061,城乡规划
TEST20260062,虚构学生062,城乡规划
TEST20260063,虚构学生063,城乡规划
TEST20260064,虚构学生064,城乡规划
TEST20260065,虚构学生065,城乡规划
TEST20260066,虚构学生066,城乡规划
TEST20260067,虚构学生067,城乡规划
TEST20260068,虚构学生068,城乡规划
TEST20260069,虚构学生069,城乡规划
TEST20260070,虚构学生070,城乡规划
TEST20260071,虚构学生071,城乡规划
TEST20260072,虚构学生072,城乡规划
TEST20260073,虚构学生073,城乡规划
TEST20260074,虚构学生074,城乡规划
TEST20260075,虚构学生075,城乡规划
TEST20260076,虚构学生076,城乡规划
TEST20260077,虚构学生077,城乡规划
TEST20260078,虚构学生078,城乡规划
TEST20260079,虚构学生079,城乡规划
TEST20260080,虚构学生080,城乡规划
TEST20260081,虚构学生081,城乡规划
TEST20260082,虚构学生082,城乡规划
TEST20260083,虚构学生083,城乡规划
TEST20260084,虚构学生084,城乡规划
TEST20260085,虚构学生085,城乡规划
TEST20260086,虚构学生086,城乡规划
TEST20260087,虚构学生087,城乡规划
TEST20260088,虚构学生088,城乡规划
TEST20260089,虚构学生089,城乡规划
TEST20260090,虚构学生090,城乡规划
TEST20260091,虚构学生091,城乡规划
TEST20260092,虚构学生092,城乡规划
TEST20260093,虚构学生093,城乡规划
TEST20260094,虚构学生094,城乡规划
TEST20260095,虚构学生095,城乡规划
TEST20260096,虚构学生096,城乡规划
TEST20260097,虚构学生097,城乡规划
TEST20260098,虚构学生098,城乡规划
TEST20260099,虚构学生099,城乡规划
TEST20260100,虚构学生100,城乡规划
TEST20260101,虚构学生101,城乡规划
TEST20260102,虚构学生102,城乡规划
TEST20260103,虚构学生103,城乡规划
TEST20260104,虚构学生104,城乡规划
TEST20260105,虚构学生105,城乡规划
TEST20260106,虚构学生106,城乡规划
TEST20260107,虚构学生107,城乡规划
TEST20260108,虚构学生108,城乡规划
TEST20260109,虚构学生109,城乡规划
TEST20260110,虚构学生110,城乡规划
TEST20260111,虚构学生111,城乡规划
TEST20260112,虚构学生112,城乡规划
TEST20260113,虚构学生113,城乡规划
TEST20260114,虚构学生114,城乡规划
TEST20260115,虚构学生115,城乡规划
TEST20260116,虚构学生116,城乡规划
TEST20260117,虚构学生117,城乡规划
TEST20260118,虚构学生118,城乡规划
TEST20260119,虚构学生119,城乡规划
TEST20260120,虚构学生120,城乡规划
TEST20260121,虚构学生121,风景园林
TEST20260122,虚构学生122,风景园林
TEST20260123,虚构学生123,风景园林
TEST20260124,虚构学生124,风景园林
TEST20260125,虚构学生125,风景园林
TEST20260126,虚构学生126,风景园林
TEST20260127,虚构学生127,风景园林
TEST20260128,虚构学生128,风景园林
TEST20260129,虚构学生129,风景园林
TEST20260130,虚构学生130,风景园林
TEST20260131,虚构学生131,风景园林
TEST20260132,虚构学生132,风景园林
TEST20260133,虚构学生133,风景园林
TEST20260134,虚构学生134,风景园林
TEST20260135,虚构学生135,风景园林
TEST20260136,虚构学生136,风景园林
TEST20260137,虚构学生137,风景园林
TEST20260138,虚构学生138,风景园林
TEST20260139,虚构学生139,风景园林
TEST20260140,虚构学生140,风景园林
TEST20260141,虚构学生141,风景园林
TEST20260142,虚构学生142,风景园林
TEST20260143,虚构学生143,风景园林
TEST20260144,虚构学生144,风景园林
TEST20260145,虚构学生145,风景园林
TEST20260146,虚构学生146,风景园林
TEST20260147,虚构学生147,风景园林
TEST20260148,虚构学生148,风景园林
TEST20260149,虚构学生149,风景园林
TEST20260150,虚构学生150,风景园林
TEST20260151,虚构学生151,风景园林
TEST20260152,虚构学生152,风景园林
TEST20260153,虚构学生153,风景园林
TEST20260154,虚构学生154,风景园林
TEST20260155,虚构学生155,风景园林
TEST20260156,虚构学生156,风景园林
TEST20260157,虚构学生157,风景园林
TEST20260158,虚构学生158,风景园林
TEST20260159,虚构学生159,风景园林
TEST20260160,虚构学生160,风景园林
TEST20260161,虚构学生161,风景园林
TEST20260162,虚构学生162,风景园林
TEST20260163,虚构学生163,风景园林
TEST20260164,虚构学生164,风景园林
TEST20260165,虚构学生165,风景园林
TEST20260166,虚构学生166,风景园林
TEST20260167,虚构学生167,风景园林
TEST20260168,虚构学生168,风景园林
TEST20260169,虚构学生169,风景园林
TEST20260170,虚构学生170,风景园林
TEST20260171,虚构学生171,风景园林
TEST20260172,虚构学生172,风景园林
TEST20260173,虚构学生173,风景园林
TEST20260174,虚构学生174,风景园林
TEST20260175,虚构学生175,风景园林
TEST20260176,虚构学生176,风景园林
TEST20260177,虚构学生177,风景园林
TEST20260178,虚构学生178,风景园林
TEST20260179,虚构学生179,风景园林
TEST20260180,虚构学生180,风景园林
